username,title,short_description,budget,category,offers,expiry_date,url,avatar_url_source,avatar_filename_for_web,full_description,requirements
adam_p1,Strona drukarni etykiet samoprzylepnych,"Obecnie jest strona etykiety.org
Stylem podobna do obecnej ilosci stron.
1) nowy design bardziej idacy w styl drukarni
2) ilosc podstron podobna 
3) strona z kalkulatorem online ( na wzor strony labelexpress) modul wyliczajacy mam w excelu 
4)...",Do negocjacji,Strony internetowe,5,Znika za 30 dni,"https://useme.com/pl/jobs/strona-drukarni-etykiet-samoprzylepnych,115657/",https://cdn.useme.com/1.20.6/images/avatar/empty-neutral.svg?v=1.20.6,,"Obecnie jest strona etykiety.org
Stylem podobna do obecnej ilosci stron.
1) nowy design bardziej idacy w styl drukarni
2) ilosc podstron podobna 
3) strona z kalkulatorem online ( na wzor strony labelexpress) modul wyliczajacy mam w excelu 
4) strona w jezyku polskim oraz angielskim i niemieckim
5) zoptymaizowane pod seo
6) jeden staÅ‚y element - film z intro drukarni
Obecnie jest strona etykiety.org
Stylem podobna do obecnej ilosci stron.
1) nowy design bardziej idacy w styl drukarni
2) ilosc podstron podobna
3) strona z kalkulatorem online ( na wzor strony labelexpress) modul wyliczajacy mam w excelu
4) strona w jezyku polskim oraz angielskim i niemieckim
5) zoptymaizowane pod seo
6) jeden staÅ‚y element - film z intro drukarni",
Beautiona.pl,Pozyskiwanie LeadÃ³w B2B - Handlowiec - branÅ¼a Beauty,"ZlecÄ™ pozyskiwanie leadÃ³w/zamÃ³wieÅ„ B2B - rynek polski i zagraniczny.

Firma Silver sp. z o.o. wÅ‚aÅ›ciciel sklepu z branÅ¼y uroda - beautiona.pl, poszukuje specjalisty do spraw sprzedaÅ¼y dla rynku B2B okreÅ›lonej grupy produktÃ³w Private Label.

Osoba...",Do negocjacji,ObsÅ‚uga klienta,0,Znika za 30 dni,"https://useme.com/pl/jobs/pozyskiwanie-leadow-b2b-handlowiec-branza-beauty,115659/",https://cdn.useme.com/1.20.6/images/avatar/empty-neutral.svg?v=1.20.6,,"ZlecÄ™ pozyskiwanie leadÃ³w/zamÃ³wieÅ„ B2B - rynek polski i zagraniczny.
Firma Silver sp. z o.o. wÅ‚aÅ›ciciel sklepu z branÅ¼y uroda - beautiona.pl, poszukuje specjalisty do spraw sprzedaÅ¼y dla rynku B2B okreÅ›lonej grupy produktÃ³w Private Label.
Osoba zatrudniona na tym stanowisku odpowiedzialna bÄ™dzie za:
nawiÄ…zywanie oraz pozyskiwanie klientÃ³w polskich i zagranicznych
Z naszej strony oferujemy:
schemat i wytyczne co do grupy docelowej klientÃ³w
nienormowany czas pracy- pracujesz kiedy chcesz
praca zdalna
pracÄ™ w stabilnej firmie o ugruntowanej pozycji na rynku
wynagrodzenie:
1. pozyskanie hot leada (produkty nasza marka, akcesoria lub produkcja private label)- 100-200 zÅ‚
2. pozyskanie klienta na produkty nasza marka, akcesoria - zamÃ³wienie za min. 2000 zÅ‚ netto - 500 zÅ‚Â Â 
3. pozyskanie klienta na produkcjÄ™ private label - zamÃ³wienie za min. 3000 zÅ‚ netto - 700 zÅ‚Â 
informacja od Useme: skÅ‚adanie ofert jest moÅ¼liwe jedynie w przypadku:
- posiadania waÅ¼nej legitymacji studenckiej (dla uczniÃ³w/studentÃ³w do 26 r.Å¼) 
- potwierdzonego oÅ›wiadczenia o zatrudnieniu na etat za co najmniej minimalne wynagrodzenie
- posiadanie dziaÅ‚alnoÅ›ci gospodarczej
ZlecÄ™ pozyskiwanie leadÃ³w/zamÃ³wieÅ„ B2B - rynek polski i zagraniczny.
Firma Silver sp. z o.o. wÅ‚aÅ›ciciel sklepu z branÅ¼y uroda - beautiona.pl, poszukuje specjalisty do spraw sprzedaÅ¼y dla rynku B2B okreÅ›lonej grupy produktÃ³w Private Label.
Osoba zatrudniona na tym stanowisku odpowiedzialna bÄ™dzie za:
nawiÄ…zywanie oraz pozyskiwanie klientÃ³w polskich i zagranicznych
Z naszej strony oferujemy:
schemat i wytyczne co do grupy docelowej klientÃ³w
nienormowany czas pracy- pracujesz kiedy chcesz
praca zdalna
pracÄ™ w stabilnej firmie o ugruntowanej pozycji na rynku
wynagrodzenie:
1. pozyskanie hot leada (produkty nasza marka, akcesoria lub produkcja private label)- 100-200 zÅ‚
2. pozyskanie klienta na produkty nasza marka, akcesoria - zamÃ³wienie za min. 2000 zÅ‚ netto - 500 zÅ‚
3. pozyskanie klienta na produkcjÄ™ private label - zamÃ³wienie za min. 3000 zÅ‚ netto - 700 zÅ‚
informacja od Useme: skÅ‚adanie ofert jest moÅ¼liwe jedynie w przypadku:
- posiadania waÅ¼nej legitymacji studenckiej (dla uczniÃ³w/studentÃ³w do 26 r.Å¼)
- potwierdzonego oÅ›wiadczenia o zatrudnieniu na etat za co najmniej minimalne wynagrodzenie
- posiadanie dziaÅ‚alnoÅ›ci gospodarczej",
Beautiona.pl,Marketing Manager (freelance) -Sklep Beauty,"CzeÅ›Ä‡!



Sklep kosmetyczny Beautiona.pl specjalizuje siÄ™ w sprzedaÅ¼y kosmetykÃ³w, produktÃ³w Beauty, akcesoriÃ³w Home and Kitchen.

Aktualnie do naszego zespoÅ‚u poszukujemy Specjalisty ds rozwoju tego kanaÅ‚u sprzedaÅ¼y.

Osoba na tym stanowisku...",Do negocjacji,SprzedaÅ¼ i obsÅ‚uga sprzedaÅ¼y,1,Znika za 30 dni,"https://useme.com/pl/jobs/marketing-manager-freelance-sklep-beauty,115658/",https://cdn.useme.com/1.20.6/images/avatar/empty-neutral.svg?v=1.20.6,,"CzeÅ›Ä‡!
Sklep kosmetyczny Beautiona.pl specjalizuje siÄ™ w sprzedaÅ¼y kosmetykÃ³w, produktÃ³w Beauty, akcesoriÃ³w Home and Kitchen.
Aktualnie do naszego zespoÅ‚u poszukujemy Specjalisty ds rozwoju tego kanaÅ‚u sprzedaÅ¼y.
Osoba na tym stanowisku bÄ™dzie odpowiedzialna za:
- doradztwo przy tworzeniu strategii marki Beautiona i isabellenails
- prowadzenie dziaÅ‚aÅ„ marketing automation
- dziaÅ‚ania Instagram
- wspÃ³Å‚praca z Marketplacami
Wymagamy:
doÅ›wiadczenia na podobnym stanowisku
znajomoÅ›ci jÄ™zyka angielskiego na poziomie komunikatywnym
samodzielnoÅ›ci w dziaÅ‚aniu i dobrej organizacji pracy wÅ‚asnej
poszukiwanie przewag konkurencyjnych
analiza dziaÅ‚aÅ„ konkurencji i trendÃ³w rynkowych
promowanie wybranych produktÃ³w kosmetycznych
Oferujemy:
stabilnÄ… pracÄ™ w firmie z 14 letniÄ… tradycjÄ…
samodzielnoÅ›Ä‡ pracy, moÅ¼liwoÅ›Ä‡ realizowania wÅ‚asnych pomysÅ‚Ã³w
elastyczne godziny pracy
Prosimy o wycenÄ™ miesiÄ…ca pracy dla deklarowanej iloÅ›ci godzin.
CzeÅ›Ä‡!
Sklep kosmetyczny Beautiona.pl specjalizuje siÄ™ w sprzedaÅ¼y kosmetykÃ³w, produktÃ³w Beauty, akcesoriÃ³w Home and Kitchen.
Aktualnie do naszego zespoÅ‚u poszukujemy Specjalisty ds rozwoju tego kanaÅ‚u sprzedaÅ¼y.
Osoba na tym stanowisku bÄ™dzie odpowiedzialna za:
- doradztwo przy tworzeniu strategii marki Beautiona i isabellenails
- prowadzenie dziaÅ‚aÅ„ marketing automation
- dziaÅ‚ania Instagram
- wspÃ³Å‚praca z Marketplacami
Wymagamy:
doÅ›wiadczenia na podobnym stanowisku
znajomoÅ›ci jÄ™zyka angielskiego na poziomie komunikatywnym
samodzielnoÅ›ci w dziaÅ‚aniu i dobrej organizacji pracy wÅ‚asnej
poszukiwanie przewag konkurencyjnych
analiza dziaÅ‚aÅ„ konkurencji i trendÃ³w rynkowych
promowanie wybranych produktÃ³w kosmetycznych
Oferujemy:
stabilnÄ… pracÄ™ w firmie z 14 letniÄ… tradycjÄ…
samodzielnoÅ›Ä‡ pracy, moÅ¼liwoÅ›Ä‡ realizowania wÅ‚asnych pomysÅ‚Ã³w
elastyczne godziny pracy
Prosimy o wycenÄ™ miesiÄ…ca pracy dla deklarowanej iloÅ›ci godzin.",
Dominika,"Grafika- dwie rÃ³zne plus zmiany ujÄ™cia i kolorÃ³w jednego detalu, Å‚Ä…cznie 40 grafik","DzieÅ„ dobry,
potrzebne grafiki dla odpÅ‚ywu Å‚azienkowego , ujÄ™cie na ktÃ³rym widaÄ‡ fragment Å‚azienki z widocznÄ… przestrzeniÄ… prysznicowÄ… i weeksponowanym odpÅ‚ywem liniowym (odpÅ‚yw liniowy osadzony przy samej Å›cianie) oraz zbliÅ¼enie na...",Do negocjacji,Grafika 2D,0,Znika za 30 dni,"https://useme.com/pl/jobs/grafika-dwie-rozne-plus-zmiany-ujecia-i-kolorow-jednego-detalu-acznie-40-grafik,115660/",https://cdn.useme.com/1.20.6/images/avatar/empty-neutral.svg?v=1.20.6,,"DzieÅ„ dobry,
potrzebne grafiki dla odpÅ‚ywu Å‚azienkowego , ujÄ™cie na ktÃ³rym widaÄ‡ fragment Å‚azienki z widocznÄ… przestrzeniÄ… prysznicowÄ… i weeksponowanym odpÅ‚ywem liniowym (odpÅ‚yw liniowy osadzony przy samej Å›cianie) oraz zbliÅ¼enie na odpÅ‚yw.
Potrzebne dwie rÃ³Å¼ne kolorystycznie i stylowo aranÅ¼acje- zgodne z aktualnymi trendami. NastÄ™pnie w obu aranÅ¼acjach trzeba pokazaÄ‡ dwa lub trzy wzory odpÅ‚ywu liniowego (stalowy, z wklejonÄ… pÅ‚ytkÄ… jak na podÅ‚odze oraz takie ujÄ™cie, gdzie jednoczeÅ›nie bÄ™dzie widaÄ‡ obie opcjÄ™) KaÅ¼dy wzÃ³r odpÅ‚ywu trzeba pokazaÄ‡ w 4 kolorach. Wychodzi 40 grafik. Moge przesÅ‚aÄ‡ to co juÅ¼ mamy dla innego odpÅ‚ywu oraz tabelÄ™ gdzie jest pokazane co, gdzie i w jakich kolorach pokazaÄ‡. Grafiki muszÄ… byÄ‡ estetyczne i przyciÄ…gajÄ…ce uwagÄ™, ale teÅ¼ wyglÄ…dajÄ…ce naturalnie.
DzieÅ„ dobry,
potrzebne grafiki dla odpÅ‚ywu Å‚azienkowego , ujÄ™cie na ktÃ³rym widaÄ‡ fragment Å‚azienki z widocznÄ… przestrzeniÄ… prysznicowÄ… i weeksponowanym odpÅ‚ywem liniowym (odpÅ‚yw liniowy osadzony przy samej Å›cianie) oraz zbliÅ¼enie na odpÅ‚yw.
Potrzebne dwie rÃ³Å¼ne kolorystycznie i stylowo aranÅ¼acje- zgodne z aktualnymi trendami. NastÄ™pnie w obu aranÅ¼acjach trzeba pokazaÄ‡ dwa lub trzy wzory odpÅ‚ywu liniowego (stalowy, z wklejonÄ… pÅ‚ytkÄ… jak na podÅ‚odze oraz takie ujÄ™cie, gdzie jednoczeÅ›nie bÄ™dzie widaÄ‡ obie opcjÄ™) KaÅ¼dy wzÃ³r odpÅ‚ywu trzeba pokazaÄ‡ w 4 kolorach. Wychodzi 40 grafik. Moge przesÅ‚aÄ‡ to co juÅ¼ mamy dla innego odpÅ‚ywu oraz tabelÄ™ gdzie jest pokazane co, gdzie i w jakich kolorach pokazaÄ‡. Grafiki muszÄ… byÄ‡ estetyczne i przyciÄ…gajÄ…ce uwagÄ™, ale teÅ¼ wyglÄ…dajÄ…ce naturalnie.",
Marta ML,Wykonanie strony internetowej na WordPressie wg szablonu,"ZlecÄ™ wykonanie responsywnej strony internetowej opartej na WordPressie, zgodnie z dostarczonym szablonem graficznym (patrz zaÅ‚Ä…cznik).

Opis projektu: Strona bÄ™dzie sÅ‚uÅ¼yÄ‡ do rejestracji na praktyki studenckie, z moÅ¼liwoÅ›ciÄ… wyboru spoÅ›rÃ³d...",Do negocjacji,Strony internetowe,5,Znika za 30 dni,"https://useme.com/pl/jobs/wykonanie-strony-internetowej-na-wordpressie-wg-szablonu,115656/",https://cdn.useme.com/1.20.6/images/avatar/empty-neutral.svg?v=1.20.6,,"ZlecÄ™ wykonanie responsywnej strony internetowej opartej na WordPressie, zgodnie z dostarczonym szablonem graficznym (patrz zaÅ‚Ä…cznik).
Opis projektu: Strona bÄ™dzie sÅ‚uÅ¼yÄ‡ do rejestracji na praktyki studenckie, z moÅ¼liwoÅ›ciÄ… wyboru spoÅ›rÃ³d rÃ³Å¼nych programÃ³w praktyk. Dostarczamy caÅ‚Ä… treÅ›Ä‡ na stronÄ™. Wymagane jest zintegrowanie systemu pÅ‚atnoÅ›ci Stripe.
Zakres prac:
Instalacja i konfiguracja WordPressa
WdroÅ¼enie projektu graficznego na podstawie zaÅ‚Ä…czonego szablonu
Utworzenie formularza rejestracyjnego z wyborem programu praktyk (bÄ™dzie 6 opcji do wyboru)
Integracja z Stripe (pÅ‚atnoÅ›Ä‡ online)
Optymalizacja strony pod kÄ…tem urzÄ…dzeÅ„ mobilnych
Wymagania:
DoÅ›wiadczenie w pracy z WordPressem i integracjÄ… Stripe
Terminowe wykonanie
ProszÄ™ o przesyÅ‚anie portfolio oraz wyceny i terminu realizacji.
ZlecÄ™ wykonanie responsywnej strony internetowej opartej na WordPressie, zgodnie z dostarczonym szablonem graficznym (patrz zaÅ‚Ä…cznik).
Opis projektu: Strona bÄ™dzie sÅ‚uÅ¼yÄ‡ do rejestracji na praktyki studenckie, z moÅ¼liwoÅ›ciÄ… wyboru spoÅ›rÃ³d rÃ³Å¼nych programÃ³w praktyk. Dostarczamy caÅ‚Ä… treÅ›Ä‡ na stronÄ™. Wymagane jest zintegrowanie systemu pÅ‚atnoÅ›ci Stripe.
Zakres prac:
Instalacja i konfiguracja WordPressa
WdroÅ¼enie projektu graficznego na podstawie zaÅ‚Ä…czonego szablonu
Utworzenie formularza rejestracyjnego z wyborem programu praktyk (bÄ™dzie 6 opcji do wyboru)
Integracja z Stripe (pÅ‚atnoÅ›Ä‡ online)
Optymalizacja strony pod kÄ…tem urzÄ…dzeÅ„ mobilnych
Wymagania:
DoÅ›wiadczenie w pracy z WordPressem i integracjÄ… Stripe
Terminowe wykonanie
ProszÄ™ o przesyÅ‚anie portfolio oraz wyceny i terminu realizacji.",
Nu Delta Sp. z o.o.,Animacja 2d dla firmy z wÅ‚asnym narzÄ™dziem AI,"Czego potrzebujemy?
- animacji 2D o dÅ‚ugoÅ›ci 60â€“90 sekund
- prostego storyboardu i scenariusza (wspÃ³lnie przygotujemy zarys)
- lektora - narracji w jÄ™zyku polskim i angielskim (wspÃ³lnie przygotujemy treÅ›Ä‡)
- napisÃ³w w jÄ™zyku polskim i...","5000,00 PLN",Animacja,0,Znika za 30 dni,"https://useme.com/pl/jobs/animacja-2d-dla-firmy-z-wasnym-narzedziem-ai,115655/",https://cdn.useme.com/1.20.6/images/avatar/empty-neutral.svg?v=1.20.6,,"Czego potrzebujemy?
- animacji 2D o dÅ‚ugoÅ›ci 60â€“90 sekund
- prostego storyboardu i scenariusza (wspÃ³lnie przygotujemy zarys)
- lektora - narracji w jÄ™zyku polskim i angielskim (wspÃ³lnie przygotujemy treÅ›Ä‡)
- napisÃ³w w jÄ™zyku polskim i angielskim
- wersji do umieszczenia na stronie www / social media
Kogo szukamy?
- osoby lub maÅ‚ej agencji z doÅ›wiadczeniem w animacjach wyjaÅ›niajÄ…cych
z portfolio. SzczegÃ³lnie mile widziane przykÅ‚ady w stylu nowoczesnego motion designu, dla rozwiÄ…zaÅ„ software'owych / SaaS'Ã³w
Termin:
- wstÄ™pna wersja: 2â€“3 tygodnie od rozpoczÄ™cia wspÃ³Å‚pracy
- finalna wersja: do uzgodnienia
BudÅ¼et:
zaleÅ¼nie od doÅ›wiadczenia i zakresu prac, przewidujemy do 5000 zÅ‚ netto
prosimy o oferty z linkiem do portfolio i wstÄ™pnÄ… wycenÄ…
Czego potrzebujemy?
- animacji 2D o dÅ‚ugoÅ›ci 60â€“90 sekund
- prostego storyboardu i scenariusza (wspÃ³lnie przygotujemy zarys)
- lektora - narracji w jÄ™zyku polskim i angielskim (wspÃ³lnie przygotujemy treÅ›Ä‡)
- napisÃ³w w jÄ™zyku polskim i angielskim
- wersji do umieszczenia na stronie www / social media
Kogo szukamy?
- osoby lub maÅ‚ej agencji z doÅ›wiadczeniem w animacjach wyjaÅ›niajÄ…cych
z portfolio. SzczegÃ³lnie mile widziane przykÅ‚ady w stylu nowoczesnego motion designu, dla rozwiÄ…zaÅ„ software'owych / SaaS'Ã³w
Termin:
- wstÄ™pna wersja: 2â€“3 tygodnie od rozpoczÄ™cia wspÃ³Å‚pracy
- finalna wersja: do uzgodnienia
BudÅ¼et:
zaleÅ¼nie od doÅ›wiadczenia i zakresu prac, przewidujemy do 5000 zÅ‚ netto
prosimy o oferty z linkiem do portfolio i wstÄ™pnÄ… wycenÄ…",
billybong,Poprawa strony,"Poprawa strony na WP z naciskiem na SEO w zakresie:
a) dodaÄ‡ opisy stron meta,
b) dodaÄ‡ nagÅ‚Ã³wki h1 ze sÅ‚owami kluczowymi.
c) dodaÄ‡ na gÃ³rÄ™ klikalnÄ… wycenÄ™ darmowÄ… i telefon
d) poprawiÄ‡ i wydÅ‚uÅ¼yÄ‡ tytuÅ‚y stron lub je skrÃ³ciÄ‡ w zaleÅ¼noÅ›ci od...",Do negocjacji,ObsÅ‚uga stron internetowych,5,Znika za 30 dni,"https://useme.com/pl/jobs/poprawa-strony,115654/",https://cdn.useme.com/1.20.6/images/avatar/empty-neutral.svg?v=1.20.6,,"Poprawa strony na WP z naciskiem na SEO w zakresie:
a) dodaÄ‡ opisy stron meta,
b) dodaÄ‡ nagÅ‚Ã³wki h1 ze sÅ‚owami kluczowymi.
c) dodaÄ‡ na gÃ³rÄ™ klikalnÄ… wycenÄ™ darmowÄ… i telefon
d) poprawiÄ‡ i wydÅ‚uÅ¼yÄ‡ tytuÅ‚y stron lub je skrÃ³ciÄ‡ w zaleÅ¼noÅ›ci od podstrony
e) popracowaÄ‡ nad nagÅ‚Ã³wkami H1 na stronach (pod SEO)
wiecej szczegÃ³Å‚ow na priv
Poprawa strony na WP z naciskiem na SEO w zakresie:
a) dodaÄ‡ opisy stron meta,
b) dodaÄ‡ nagÅ‚Ã³wki h1 ze sÅ‚owami kluczowymi.
c) dodaÄ‡ na gÃ³rÄ™ klikalnÄ… wycenÄ™ darmowÄ… i telefon
d) poprawiÄ‡ i wydÅ‚uÅ¼yÄ‡ tytuÅ‚y stron lub je skrÃ³ciÄ‡ w zaleÅ¼noÅ›ci od podstrony
e) popracowaÄ‡ nad nagÅ‚Ã³wkami H1 na stronach (pod SEO)
wiecej szczegÃ³Å‚ow na priv",
MS,Konwersja PDF (rachunek TEMU) do Worda z zachowaniem ukÅ‚adu,"PotrzebujÄ™ przeksztaÅ‚cenia dwÃ³ch pierwszych stron rachunku PDF z platformy TEMU do edytowalnego pliku Word (DOCX), z zachowaniem:
â€¢ ukÅ‚adu graficznego,
â€¢ czcionek, rozmiarÃ³w,
â€¢ rozmieszczenia treÅ›ci.
Dane poufne zostaÅ‚y zamazane.
ZaleÅ¼y mi na...","40,00 PLN",Wirtualna asystentura,5,Znika za 30 dni,"https://useme.com/pl/jobs/konwersja-pdf-rachunek-temu-do-worda-z-zachowaniem-ukadu,115653/",https://cdn.useme.com/1.20.6/images/avatar/empty-neutral.svg?v=1.20.6,,"PotrzebujÄ™ przeksztaÅ‚cenia dwÃ³ch pierwszych stron rachunku PDF z platformy TEMU do edytowalnego pliku Word (DOCX), z zachowaniem:
â€¢ ukÅ‚adu graficznego,
â€¢ czcionek, rozmiarÃ³w,
â€¢ rozmieszczenia treÅ›ci.
Dane poufne zostaÅ‚y zamazane.
ZaleÅ¼y mi na rzetelnym wykonaniu i poufnoÅ›ci â€” proszÄ™ o zgÅ‚oszenia tylko od freelancerÃ³w, ktÃ³rzy przestrzegajÄ… bezpieczeÅ„stwa danych (RODO).
BudÅ¼et: 40 zÅ‚ brutto
Termin: 1â€“2 dni
PotrzebujÄ™ przeksztaÅ‚cenia dwÃ³ch pierwszych stron rachunku PDF z platformy TEMU do edytowalnego pliku Word (DOCX), z zachowaniem:
â€¢ ukÅ‚adu graficznego,
â€¢ czcionek, rozmiarÃ³w,
â€¢ rozmieszczenia treÅ›ci.
Dane poufne zostaÅ‚y zamazane.
ZaleÅ¼y mi na rzetelnym wykonaniu i poufnoÅ›ci â€” proszÄ™ o zgÅ‚oszenia tylko od freelancerÃ³w, ktÃ³rzy przestrzegajÄ… bezpieczeÅ„stwa danych (RODO).
BudÅ¼et: 40 zÅ‚ brutto
Termin: 1â€“2 dni",
ReginaSz,ObsÅ‚uga konta Amazon,Szukam osoby do obsÅ‚ugi konta Amazon na rynku niemieckim,Do negocjacji,ObsÅ‚uga sklepÃ³w internetowych,2,Znika za 30 dni,"https://useme.com/pl/jobs/obsuga-konta-amazon,115652/",https://cdn.useme.com/1.20.6/images/avatar/empty-neutral.svg?v=1.20.6,,"Szukam osoby do obsÅ‚ugi konta Amazon na rynku niemieckim
Szukam osoby do obsÅ‚ugi konta Amazon na rynku niemieckim",
JMFM SPÃ“ÅKA Z OGRANICZONÄ„ ODP,MontaÅ¼ wideo bez wideo,"Mam 3 scenariusze rolek reklamowych i to wszystko. Poszukuje osoby, ktÃ³ra znajdzie i wstawi odpowiednie materiaÅ‚y wideo oraz lektor. 

BÄ™dÄ™ miaÅ‚ duÅ¼o wiÄ™cej tego typu zleceÅ„, takÅ¼e poszukuje osoby zaangaÅ¼owanej nastawionej na dÅ‚uÅ¼sza wspÃ³Å‚prace....",Do negocjacji,Video,1,Znika za 30 dni,"https://useme.com/pl/jobs/montaz-wideo-bez-wideo,115651/",https://cdn.useme.com/1.20.6/images/avatar/empty-neutral.svg?v=1.20.6,,"Mam 3 scenariusze rolek reklamowych i to wszystko. Poszukuje osoby, ktÃ³ra znajdzie i wstawi odpowiednie materiaÅ‚y wideo oraz lektor. 
BÄ™dÄ™ miaÅ‚ duÅ¼o wiÄ™cej tego typu zleceÅ„, takÅ¼e poszukuje osoby zaangaÅ¼owanej nastawionej na dÅ‚uÅ¼sza wspÃ³Å‚prace. Wszelakie wykorzystanie AI miÅ‚o widziane.
Scenariusze w zaÅ‚czniku
Mam 3 scenariusze rolek reklamowych i to wszystko. Poszukuje osoby, ktÃ³ra znajdzie i wstawi odpowiednie materiaÅ‚y wideo oraz lektor.
BÄ™dÄ™ miaÅ‚ duÅ¼o wiÄ™cej tego typu zleceÅ„, takÅ¼e poszukuje osoby zaangaÅ¼owanej nastawionej na dÅ‚uÅ¼sza wspÃ³Å‚prace. Wszelakie wykorzystanie AI miÅ‚o widziane.
Scenariusze w zaÅ‚czniku",
ForSpa,Specjalistka/a ds ecommerce na rynku kosmetycznym,"Firma zarzÄ…dzajÄ…ca trzema sklepami z kosmetyki spa i wellness poszukuje osoby, do bieÅ¼Ä…cego zarzÄ…dzania sklepami. PoniÅ¼ej zakres obejmujÄ…cy zlecenie (staÅ‚e): 

1. ZarzÄ…dzanie sklepem internetowym:
	â€¢	Aktualizacja oferty produktowej (dodawanie...",Do negocjacji,ObsÅ‚uga sklepÃ³w internetowych,2,Znika za 30 dni,"https://useme.com/pl/jobs/specjalistkaa-ds-ecommerce-na-rynku-kosmetycznym,115650/",https://useme-prod-public.s3.amazonaws.com/avatars/075/182475_5G09o8I.png,ForSpa_a5824777779187d39ad36bd75e6f9a3a.png,"Firma zarzÄ…dzajÄ…ca trzema sklepami z kosmetyki spa i wellness poszukuje osoby, do bieÅ¼Ä…cego zarzÄ…dzania sklepami. PoniÅ¼ej zakres obejmujÄ…cy zlecenie (staÅ‚e): 
1. ZarzÄ…dzanie sklepem internetowym:
	â€¢	Aktualizacja oferty produktowej (dodawanie nowych produktÃ³w, opisÃ³w, zdjÄ™Ä‡).
	â€¢	Ustalanie promocji i ofert sezonowych w cyklach miesiÄ™cznych wg wczeÅ›niej przygotowanej strategii sprzedaÅ¼y.
2. ZarzÄ…dzanie dziaÅ‚aniami marketingowymi online:
	â€¢	Planowanie i koordynacja kampanii reklamowych (Google Ads, Meta Ads.).
	â€¢	WspÃ³Å‚praca z content managerem META.
        â€¢	Przygotowywanie cyklicznych newsletterÃ³w
        â€¢.     Przygotowywanie artykuÅ‚Ã³w blogowych
	â€¢	Åšledzenie efektywnoÅ›ci kampanii (ROAS, konwersje, CPC).
	â€¢	WdraÅ¼anie strategii SEO (sÅ‚owa kluczowe, opisy produktÃ³w, blog).
3. Trendy i konkurencja:
	â€¢	Åšledzenie trendÃ³w e-commerce i dziaÅ‚aÅ„ konkurencji.
Poszukujemy osoby ze znajmoÅ›ciÄ… branÅ¼y beauty i kosmetykÃ³w premium.
Firma zarzÄ…dzajÄ…ca trzema sklepami z kosmetyki spa i wellness poszukuje osoby, do bieÅ¼Ä…cego zarzÄ…dzania sklepami. PoniÅ¼ej zakres obejmujÄ…cy zlecenie (staÅ‚e):
1. ZarzÄ…dzanie sklepem internetowym:
â€¢	Aktualizacja oferty produktowej (dodawanie nowych produktÃ³w, opisÃ³w, zdjÄ™Ä‡).
â€¢	Ustalanie promocji i ofert sezonowych w cyklach miesiÄ™cznych wg wczeÅ›niej przygotowanej strategii sprzedaÅ¼y.
2. ZarzÄ…dzanie dziaÅ‚aniami marketingowymi online:
â€¢	Planowanie i koordynacja kampanii reklamowych (Google Ads, Meta Ads.).
â€¢	WspÃ³Å‚praca z content managerem META.
â€¢	Przygotowywanie cyklicznych newsletterÃ³w
â€¢.     Przygotowywanie artykuÅ‚Ã³w blogowych
â€¢	Åšledzenie efektywnoÅ›ci kampanii (ROAS, konwersje, CPC).
â€¢	WdraÅ¼anie strategii SEO (sÅ‚owa kluczowe, opisy produktÃ³w, blog).
3. Trendy i konkurencja:
â€¢	Åšledzenie trendÃ³w e-commerce i dziaÅ‚aÅ„ konkurencji.
Poszukujemy osoby ze znajmoÅ›ciÄ… branÅ¼y beauty i kosmetykÃ³w premium.",
e-group,PROWADZENIE KURSÃ“W ONLINE Z MATEMATYKI (POZIOM PODSTAWOWY MATURA),"Szukamy osoby, ktÃ³ra stanie siÄ™ twarzÄ… naszych kursÃ³w maturalnych z matematyki â€“ bÄ™dzie prowadziÄ‡ zajÄ™cia w formie nagraÅ„ wideo, tÅ‚umaczyÄ‡ zagadnienia, rozwiÄ…zywaÄ‡ zadania na ekranie i wspieraÄ‡ uczniÃ³w w drodze do zdanej matury.
Chcemy, by nasi...",Do negocjacji,Inne,0,Znika za 30 dni,"https://useme.com/pl/jobs/prowadzenie-kursow-online-z-matematyki-poziom-podstawowy-matura,115647/",https://cdn.useme.com/1.20.6/images/avatar/empty-neutral.svg?v=1.20.6,,"Szukamy osoby, ktÃ³ra stanie siÄ™ twarzÄ… naszych kursÃ³w maturalnych z matematyki â€“ bÄ™dzie prowadziÄ‡ zajÄ™cia w formie nagraÅ„ wideo, tÅ‚umaczyÄ‡ zagadnienia, rozwiÄ…zywaÄ‡ zadania na ekranie i wspieraÄ‡ uczniÃ³w w drodze do zdanej matury.
Chcemy, by nasi kursanci czuli siÄ™ zaopiekowani â€“ szukamy osoby nie tylko ze znajomoÅ›ciÄ… matematyki, ale teÅ¼ z talentem komunikacyjnymi: mÃ³wiÄ…cej klarownie, z pasjÄ… i w sposÃ³b, ktÃ³ry motywuje do dziaÅ‚ania.
Szukamy osoby, ktÃ³ra stanie siÄ™ twarzÄ… naszych kursÃ³w maturalnych z matematyki â€“ bÄ™dzie prowadziÄ‡ zajÄ™cia w formie nagraÅ„ wideo, tÅ‚umaczyÄ‡ zagadnienia, rozwiÄ…zywaÄ‡ zadania na ekranie i wspieraÄ‡ uczniÃ³w w drodze do zdanej matury.
Chcemy, by nasi kursanci czuli siÄ™ zaopiekowani â€“ szukamy osoby nie tylko ze znajomoÅ›ciÄ… matematyki, ale teÅ¼ z talentem komunikacyjnymi: mÃ³wiÄ…cej klarownie, z pasjÄ… i w sposÃ³b, ktÃ³ry motywuje do dziaÅ‚ania.",
JMFM SPÃ“ÅKA Z OGRANICZONÄ„ ODP,UGC przepisy dla dzieci,"Poszukuje osoby, ktÃ³ra nagra 3 rolki, dotyczÄ…ce przepisÃ³w dla niejadkÃ³w. Z racji tematyki, wymagana sÄ… ujÄ™cia dziecka jedzÄ…cego posiÅ‚ek - nie stockowe 

Scenariusze w zaÅ‚Ä…czniku",Do negocjacji,Social media,0,Znika za 30 dni,"https://useme.com/pl/jobs/ugc-przepisy-dla-dzieci,115649/",https://cdn.useme.com/1.20.6/images/avatar/empty-neutral.svg?v=1.20.6,,"Poszukuje osoby, ktÃ³ra nagra 3 rolki, dotyczÄ…ce przepisÃ³w dla niejadkÃ³w. Z racji tematyki, wymagana sÄ… ujÄ™cia dziecka jedzÄ…cego posiÅ‚ek - nie stockowe 
Scenariusze w zaÅ‚Ä…czniku
Poszukuje osoby, ktÃ³ra nagra 3 rolki, dotyczÄ…ce przepisÃ³w dla niejadkÃ³w. Z racji tematyki, wymagana sÄ… ujÄ™cia dziecka jedzÄ…cego posiÅ‚ek - nie stockowe
Scenariusze w zaÅ‚Ä…czniku",
JMFM SPÃ“ÅKA Z OGRANICZONÄ„ ODP,Banery reklamowe,"Posiadam ""amatorskie"" banery reklamowe, ktÃ³re jednak sprzedawaÅ‚y. Poszukuje osoby, ktÃ³ra zrobi podobne jeÅ›li chodzi o ukÅ‚ad, jednak nada im profesionalizmu tzn. banery bÄ™dÄ… w brandzie marki, oraz rozÅ‚oÅ¼enie obiektÃ³w takich jak zdjÄ™cia, napisy itp...",Do negocjacji,Grafika 2D,3,Znika za 30 dni,"https://useme.com/pl/jobs/banery-reklamowe,115648/",https://cdn.useme.com/1.20.6/images/avatar/empty-neutral.svg?v=1.20.6,,"Posiadam ""amatorskie"" banery reklamowe, ktÃ³re jednak sprzedawaÅ‚y. Poszukuje osoby, ktÃ³ra zrobi podobne jeÅ›li chodzi o ukÅ‚ad, jednak nada im profesionalizmu tzn. banery bÄ™dÄ… w brandzie marki, oraz rozÅ‚oÅ¼enie obiektÃ³w takich jak zdjÄ™cia, napisy itp bÄ™dÄ… strategicznie przemyÅ›lane. 
Do zrobienia na poczÄ…tek bÄ™dÄ… 3 banery. 
KaÅ¼dy baner powinien byÄ‡ w trzech formatach 
1200 Ã— 1200
1200 Ã— 628
1080 Ã— 1920
Posiadam ""amatorskie"" banery reklamowe, ktÃ³re jednak sprzedawaÅ‚y. Poszukuje osoby, ktÃ³ra zrobi podobne jeÅ›li chodzi o ukÅ‚ad, jednak nada im profesionalizmu tzn. banery bÄ™dÄ… w brandzie marki, oraz rozÅ‚oÅ¼enie obiektÃ³w takich jak zdjÄ™cia, napisy itp bÄ™dÄ… strategicznie przemyÅ›lane.
Do zrobienia na poczÄ…tek bÄ™dÄ… 3 banery.
KaÅ¼dy baner powinien byÄ‡ w trzech formatach
1200 Ã— 1200
1200 Ã— 628
1080 Ã— 1920",
SMMASH,Praca zdalna z domu â€“ obsÅ‚uga klienta i sklepu internetowego,"Opis stanowiska â€“ co bÄ™dziesz robiÄ‡:
	â€¢	Odpowiadanie na e-maile klientÃ³w (np. pytania o zamÃ³wienia, wymiany, dostawy)
	â€¢	Odbieranie telefonÃ³w od klientÃ³w (sporadycznie â€“ kilka razy dziennie)
	â€¢	Dodawanie produktÃ³w do sklepu internetowego...","3000,00 PLN",ObsÅ‚uga klienta,4,Znika za 90 dni,"https://useme.com/pl/jobs/praca-zdalna-z-domu-obsuga-klienta-i-sklepu-internetowego,115646/",https://useme-prod-public.s3.amazonaws.com/avatars/029/483029.png,SMMASH_697d02158d9e17c1b04014a226730cdb.png,"Opis stanowiska â€“ co bÄ™dziesz robiÄ‡:
	â€¢	Odpowiadanie na e-maile klientÃ³w (np. pytania o zamÃ³wienia, wymiany, dostawy)
	â€¢	Odbieranie telefonÃ³w od klientÃ³w (sporadycznie â€“ kilka razy dziennie)
	â€¢	Dodawanie produktÃ³w do sklepu internetowego (opisy, zdjÄ™cia, rozmiary â€“ wszystkiego nauczymy)
	â€¢	Wykonywanie prostych zadaÅ„ administracyjnych w systemie sklepu
â¸»
Co oferujemy:
	â€¢	Praca w 100 procentach zdalna â€“ z dowolnego miejsca w Polsce
	â€¢	Laptop i telefon sÅ‚uÅ¼bowy â€“ sprzÄ™t zapewniamy
	â€¢	StaÅ‚e dni pracy: 2â€“3 dni w tygodniu (najlepiej poniedziaÅ‚ki i piÄ…tki)
	â€¢	StaÅ‚e godziny: 7:00â€“15:00 lub 8:00â€“16:00
	â€¢	MoÅ¼liwoÅ›Ä‡ zwiÄ™kszenia liczby dni i godzin w przyszÅ‚oÅ›ci
	â€¢	WdroÅ¼enie na poczÄ…tku â€“ pomoÅ¼emy wejÅ›Ä‡ w system
â¸»
Wynagrodzenie:
	â€¢	32 zÅ‚ brutto za godzinÄ™
â¸»
Kogo szukamy:
	â€¢	Osoby posiadajÄ…cej jakiekolwiek doÅ›wiadczenie w pracy z klientem, obsÅ‚udze sklepu online, e-mailach lub zadaniach administracyjnych
	â€¢	KogoÅ›, kto potrafi pracowaÄ‡ samodzielnie, punktualnie i odpowiedzialnie
	â€¢	Osoby, ktÃ³ra umie pisaÄ‡ poprawne wiadomoÅ›ci e-mail i dobrze radzi sobie z komputerem
	â€¢	KogoÅ›, kto potrafi kulturalnie rozmawiaÄ‡ z klientem przez telefon
Informacja od Useme:
Rozliczenie realizacji tego zlecenia bÄ™dzie moÅ¼liwe dla osÃ³b posiadajÄ…cych:
- waÅ¼nÄ… legitymacjÄ™ studenckÄ… lub szkolnÄ… (do 26. r.Å¼.);
- zatrudnienie na podstawie umowy o pracÄ™ lub zlecenia (z co najmniej minimalnym wynagrodzeniem);
- wÅ‚asnÄ… dziaÅ‚alnoÅ›Ä‡ gospodarczÄ….
Opis stanowiska â€“ co bÄ™dziesz robiÄ‡:
â€¢	Odpowiadanie na e-maile klientÃ³w (np. pytania o zamÃ³wienia, wymiany, dostawy)
â€¢	Odbieranie telefonÃ³w od klientÃ³w (sporadycznie â€“ kilka razy dziennie)
â€¢	Dodawanie produktÃ³w do sklepu internetowego (opisy, zdjÄ™cia, rozmiary â€“ wszystkiego nauczymy)
â€¢	Wykonywanie prostych zadaÅ„ administracyjnych w systemie sklepu
â¸»
Co oferujemy:
â€¢	Praca w 100 procentach zdalna â€“ z dowolnego miejsca w Polsce
â€¢	Laptop i telefon sÅ‚uÅ¼bowy â€“ sprzÄ™t zapewniamy
â€¢	StaÅ‚e dni pracy: 2â€“3 dni w tygodniu (najlepiej poniedziaÅ‚ki i piÄ…tki)
â€¢	StaÅ‚e godziny: 7:00â€“15:00 lub 8:00â€“16:00
â€¢	MoÅ¼liwoÅ›Ä‡ zwiÄ™kszenia liczby dni i godzin w przyszÅ‚oÅ›ci
â€¢	WdroÅ¼enie na poczÄ…tku â€“ pomoÅ¼emy wejÅ›Ä‡ w system
â¸»
Wynagrodzenie:
â€¢	32 zÅ‚ brutto za godzinÄ™
â¸»
Kogo szukamy:
â€¢	Osoby posiadajÄ…cej jakiekolwiek doÅ›wiadczenie w pracy z klientem, obsÅ‚udze sklepu online, e-mailach lub zadaniach administracyjnych
â€¢	KogoÅ›, kto potrafi pracowaÄ‡ samodzielnie, punktualnie i odpowiedzialnie
â€¢	Osoby, ktÃ³ra umie pisaÄ‡ poprawne wiadomoÅ›ci e-mail i dobrze radzi sobie z komputerem
â€¢	KogoÅ›, kto potrafi kulturalnie rozmawiaÄ‡ z klientem przez telefon
Informacja od Useme:
Rozliczenie realizacji tego zlecenia bÄ™dzie moÅ¼liwe dla osÃ³b posiadajÄ…cych:
- waÅ¼nÄ… legitymacjÄ™ studenckÄ… lub szkolnÄ… (do 26. r.Å¼.);
- zatrudnienie na podstawie umowy o pracÄ™ lub zlecenia (z co najmniej minimalnym wynagrodzeniem);
- wÅ‚asnÄ… dziaÅ‚alnoÅ›Ä‡ gospodarczÄ….",
Åukasz Kaim,TÅ‚umaczenie instrukcji,TÅ‚umaczenie instrukcji z jÄ™zyka angielskiego i chiÅ„skiego na Polski,"400,00 PLN",JÄ™zyk polski,1,Znika za 30 dni,"https://useme.com/pl/jobs/tumaczenie-instrukcji,115645/",https://cdn.useme.com/1.20.6/images/avatar/empty-neutral.svg?v=1.20.6,,"TÅ‚umaczenie instrukcji z jÄ™zyka angielskiego i chiÅ„skiego na Polski
TÅ‚umaczenie instrukcji z jÄ™zyka angielskiego i chiÅ„skiego na Polski",
Dorota,Kamerzysta do krÃ³tkich ujÄ™Ä‡ filmowych na potrzeby social mediÃ³w - PUÅTUSK,"Lokalizacja: PuÅ‚tusk i okolice
Termin realizacji: do ustalenia

ğŸ“Œ Zakres zlecenia:
DzieÅ„ 1: Nagranie mojej pracy w trakcie realizacji zlecenia.

DzieÅ„ 2: UjÄ™cia efektÃ³w koÅ„cowych wykonanej pracy (tu zaleÅ¼y mi na wiÄ™kszej iloÅ›ci ujÄ™Ä‡)

Wymagania:...",Do negocjacji,Social media,0,Znika za 30 dni,"https://useme.com/pl/jobs/kamerzysta-do-krotkich-ujec-filmowych-na-potrzeby-social-mediow-putusk,115643/",https://cdn.useme.com/1.20.6/images/avatar/empty-neutral.svg?v=1.20.6,,"Lokalizacja: PuÅ‚tusk i okolice
Termin realizacji: do ustalenia
ğŸ“Œ Zakres zlecenia:
DzieÅ„ 1: Nagranie mojej pracy w trakcie realizacji zlecenia.
DzieÅ„ 2: UjÄ™cia efektÃ³w koÅ„cowych wykonanej pracy (tu zaleÅ¼y mi na wiÄ™kszej iloÅ›ci ujÄ™Ä‡)
Wymagania: 

portfolio z przykÅ‚adami filmÃ³w â€“ mile widziane ujÄ™cia pod formÄ™ Reels lub TikTok


WÅ‚asny sprzÄ™t do nagrywania.


UmiejÄ™tnoÅ›Ä‡ uchwycenia detali oraz estetyki przestrzeni.


Mile widziane doÅ›wiadczenie w montaÅ¼u wideo.

Atutem bÄ™dzie rÃ³wnieÅ¼ umiejÄ™tnoÅ›Ä‡ szybkiego montaÅ¼u oraz przygotowania materiaÅ‚Ã³w pod trendy formaty krÃ³tkiego wideo.
Zapraszam do skÅ‚adania ofert do 31.05.2025r
Lokalizacja: PuÅ‚tusk i okolice
Termin realizacji: do ustalenia
ğŸ“Œ Zakres zlecenia:
DzieÅ„ 1: Nagranie mojej pracy w trakcie realizacji zlecenia.
DzieÅ„ 2: UjÄ™cia efektÃ³w koÅ„cowych wykonanej pracy (tu zaleÅ¼y mi na wiÄ™kszej iloÅ›ci ujÄ™Ä‡)
Wymagania:
Atutem bÄ™dzie rÃ³wnieÅ¼ umiejÄ™tnoÅ›Ä‡ szybkiego montaÅ¼u oraz przygotowania materiaÅ‚Ã³w pod trendy formaty krÃ³tkiego wideo.
Zapraszam do skÅ‚adania ofert do 31.05.2025r",
xkowalczyk,Stworzenie sklepu internetowego z integracjami,"Stworzenie sklepu internetowego woocommerce wraz z integracjÄ… baselinker, pÅ‚atnoÅ›ciami etc.",Do negocjacji,Sklepy internetowe,4,Znika za 30 dni,"https://useme.com/pl/jobs/stworzenie-sklepu-internetowego-z-integracjami,115642/",https://useme-prod-public.s3.amazonaws.com/avatars/011/222011_D6rRhCL.png,xkowalczyk_73117275e83e49216f2696fb91ef5e9c.png,"Stworzenie sklepu internetowego woocommerce wraz z integracjÄ… baselinker, pÅ‚atnoÅ›ciami etc.
Stworzenie sklepu internetowego woocommerce wraz z integracjÄ… baselinker, pÅ‚atnoÅ›ciami etc.",
Sandra,Kampanie Google Ads - ustawianie oraz optymalizacja,"Poszukujemy do staÅ‚ej wspÃ³Å‚pracy osoby, ktÃ³re ma doÅ›wiadczenie i super vibe dla kampanii Google Ads. JeÅ¼eli kochasz Ads, mamy fajne budÅ¼ety i wspÃ³lnie moÅ¼emy dziaÅ‚aÄ‡.",Do negocjacji,Kampanie reklamowe,3,Znika za 30 dni,"https://useme.com/pl/jobs/kampanie-google-ads-ustawianie-oraz-optymalizacja,115641/",https://cdn.useme.com/1.20.6/images/avatar/empty-neutral.svg?v=1.20.6,,"Poszukujemy do staÅ‚ej wspÃ³Å‚pracy osoby, ktÃ³re ma doÅ›wiadczenie i super vibe dla kampanii Google Ads. JeÅ¼eli kochasz Ads, mamy fajne budÅ¼ety i wspÃ³lnie moÅ¼emy dziaÅ‚aÄ‡.
Poszukujemy do staÅ‚ej wspÃ³Å‚pracy osoby, ktÃ³re ma doÅ›wiadczenie i super vibe dla kampanii Google Ads. JeÅ¼eli kochasz Ads, mamy fajne budÅ¼ety i wspÃ³lnie moÅ¼emy dziaÅ‚aÄ‡.",
Kacper Ostrowski,Kompletna przebudowa strony w WordPress,"DzieÅ„ Dobry,

Poszukujemy w firmie kogoÅ› kto zajÄ…Å‚ by siÄ™ kompleksowÄ… przebudowÄ… naszej strony ktÃ³ra jest w technologii WordPress, chcielibyÅ›my peÅ‚nej przebudowy od podstaw. InteresujÄ™ nas dÅ‚uÅ¼sza wspÃ³Å‚praca i ewentualnie wprowadzanie zmian i...",Do negocjacji,Strony internetowe,8,Znika za 30 dni,"https://useme.com/pl/jobs/kompletna-przebudowa-strony-w-wordpress,115640/",https://useme-prod-public.s3.amazonaws.com/avatars/053/442653_OcrhQ73.png,Kacper_Ostrowski_1636eef3eb5c09bf60cd0673865c1202.png,"DzieÅ„ Dobry,
Poszukujemy w firmie kogoÅ› kto zajÄ…Å‚ by siÄ™ kompleksowÄ… przebudowÄ… naszej strony ktÃ³ra jest w technologii WordPress, chcielibyÅ›my peÅ‚nej przebudowy od podstaw. InteresujÄ™ nas dÅ‚uÅ¼sza wspÃ³Å‚praca i ewentualnie wprowadzanie zmian i aktualizowanie treÅ›ci na stronie.
PoniÅ¼ej strona do jakiej chcielibyÅ›my przysposobiÄ‡ naszÄ….
Strona przykÅ‚ad:
https://acosolutions.pl/
DzieÅ„ Dobry,
Poszukujemy w firmie kogoÅ› kto zajÄ…Å‚ by siÄ™ kompleksowÄ… przebudowÄ… naszej strony ktÃ³ra jest w technologii WordPress, chcielibyÅ›my peÅ‚nej przebudowy od podstaw. InteresujÄ™ nas dÅ‚uÅ¼sza wspÃ³Å‚praca i ewentualnie wprowadzanie zmian i aktualizowanie treÅ›ci na stronie.
PoniÅ¼ej strona do jakiej chcielibyÅ›my przysposobiÄ‡ naszÄ….
Strona przykÅ‚ad:
https://acosolutions.pl/",
alicjak,Kurs montaÅ¼u filmÃ³w,"CzeÅ›Ä‡!
Szukam kogoÅ›, kto nauczy mnie montowania filmÃ³w i krÃ³tkich rolek w stylu YouTube, Instagram Reels i TikTok. ZaleÅ¼y mi na praktycznej nauce â€“ od podstaw, ale pod kÄ…tem nowoczesnych formatÃ³w i trendÃ³w.

Mile widziane:
	â€¢	DoÅ›wiadczenie w...",Do negocjacji,Video,2,Znika za 30 dni,"https://useme.com/pl/jobs/kurs-montazu-filmow,115639/",https://cdn.useme.com/1.20.6/images/avatar/empty-neutral.svg?v=1.20.6,,"CzeÅ›Ä‡!
Szukam kogoÅ›, kto nauczy mnie montowania filmÃ³w i krÃ³tkich rolek w stylu YouTube, Instagram Reels i TikTok. ZaleÅ¼y mi na praktycznej nauce â€“ od podstaw, ale pod kÄ…tem nowoczesnych formatÃ³w i trendÃ³w.
Mile widziane:
	â€¢	DoÅ›wiadczenie w montaÅ¼u filmÃ³w dla YouTuberÃ³w lub twÃ³rcÃ³w internetowych
	â€¢	ZnajomoÅ›Ä‡ programÃ³w takich jak CapCut, Adobe Premiere Pro, DaVinci Resolve lub podobnych
	â€¢	ZnajomoÅ›Ä‡ rytmu, trendÃ³w, przejÅ›Ä‡, efektÃ³w i dynamicznego montaÅ¼u
Forma nauki: zdalnie
Stawka do ustalenia â€“ zaleÅ¼y mi na wartoÅ›ciowej, konkretnej nauce!
JeÅ›li jesteÅ› zainteresowany/a lub znasz kogoÅ›, kto mÃ³gÅ‚by pomÃ³c â€“ daj znaÄ‡ w wiadomoÅ›ci prywatnej!
DziÄ™ki!
CzeÅ›Ä‡!
Szukam kogoÅ›, kto nauczy mnie montowania filmÃ³w i krÃ³tkich rolek w stylu YouTube, Instagram Reels i TikTok. ZaleÅ¼y mi na praktycznej nauce â€“ od podstaw, ale pod kÄ…tem nowoczesnych formatÃ³w i trendÃ³w.
Mile widziane:
â€¢	DoÅ›wiadczenie w montaÅ¼u filmÃ³w dla YouTuberÃ³w lub twÃ³rcÃ³w internetowych
â€¢	ZnajomoÅ›Ä‡ programÃ³w takich jak CapCut, Adobe Premiere Pro, DaVinci Resolve lub podobnych
â€¢	ZnajomoÅ›Ä‡ rytmu, trendÃ³w, przejÅ›Ä‡, efektÃ³w i dynamicznego montaÅ¼u
Forma nauki: zdalnie
Stawka do ustalenia â€“ zaleÅ¼y mi na wartoÅ›ciowej, konkretnej nauce!
JeÅ›li jesteÅ› zainteresowany/a lub znasz kogoÅ›, kto mÃ³gÅ‚by pomÃ³c â€“ daj znaÄ‡ w wiadomoÅ›ci prywatnej!
DziÄ™ki!",
Wieszczy,Projekt plakatu do druku,"Szukam grafika do zaprojektowania plakatu. Plakat na bazie zdjÄ™cia z zegarkiem, minimalistyczny. PaczkÄ™ z materiaÅ‚ami bazowymi mam juÅ¼ gotowÄ…, trzeba to zgrabnie ubraÄ‡ w caÅ‚oÅ›Ä‡.","200,00 PLN",Grafika 2D,5,Znika za 30 dni,"https://useme.com/pl/jobs/projekt-plakatu-do-druku,115638/",https://useme-prod-public.s3.amazonaws.com/avatars/009/285609_MmWZIa3.png,Wieszczy_f1dde0b2f03f335f0eaa2b1076d0477b.png,"Szukam grafika do zaprojektowania plakatu. Plakat na bazie zdjÄ™cia z zegarkiem, minimalistyczny. PaczkÄ™ z materiaÅ‚ami bazowymi mam juÅ¼ gotowÄ…, trzeba to zgrabnie ubraÄ‡ w caÅ‚oÅ›Ä‡.
Szukam grafika do zaprojektowania plakatu. Plakat na bazie zdjÄ™cia z zegarkiem, minimalistyczny. PaczkÄ™ z materiaÅ‚ami bazowymi mam juÅ¼ gotowÄ…, trzeba to zgrabnie ubraÄ‡ w caÅ‚oÅ›Ä‡.",
Olek99,Automatyzacja procesu,"ChcÄ™ stworzyÄ‡ system automatycznego dodawania serwerÃ³w na Disboard oraz ich pÃ³Åºniejszej konfiguracji na PebbleHost, gdzie dziaÅ‚a gotowa auto-bumpiarka. Kluczowym celem jest peÅ‚na automatyzacja procesu, ktÃ³ra obejmuje: Automatyczne tworzenie kont...",Do negocjacji,Oprogramowanie,3,Znika za 30 dni,"https://useme.com/pl/jobs/automatyzacja-procesu,115637/",https://cdn.useme.com/1.20.6/images/avatar/empty-neutral.svg?v=1.20.6,,"ChcÄ™ stworzyÄ‡ system automatycznego dodawania serwerÃ³w na Disboard oraz ich pÃ³Åºniejszej konfiguracji na PebbleHost, gdzie dziaÅ‚a gotowa auto-bumpiarka. Kluczowym celem jest peÅ‚na automatyzacja procesu, ktÃ³ra obejmuje: Automatyczne tworzenie kont e-mail oraz kont Discord (zgodne z zasadami platformy). RejestracjÄ™ i dodawanie serwerÃ³w na Disboard, w tym integracjÄ™ z systemem bumpowania. KonfiguracjÄ™ serwerÃ³w na PebbleHost, aby wspÃ³Å‚pracowaÅ‚y z botem do bumpowania. MoÅ¼liwie najwyÅ¼szy poziom automatyzacji â€“ tak, aby caÅ‚y proces dziaÅ‚aÅ‚ samodzielnie bez ingerencji czÅ‚owieka.
ChcÄ™ stworzyÄ‡ system automatycznego dodawania serwerÃ³w na Disboard oraz ich pÃ³Åºniejszej konfiguracji na PebbleHost, gdzie dziaÅ‚a gotowa auto-bumpiarka. Kluczowym celem jest peÅ‚na automatyzacja procesu, ktÃ³ra obejmuje: Automatyczne tworzenie kont e-mail oraz kont Discord (zgodne z zasadami platformy). RejestracjÄ™ i dodawanie serwerÃ³w na Disboard, w tym integracjÄ™ z systemem bumpowania. KonfiguracjÄ™ serwerÃ³w na PebbleHost, aby wspÃ³Å‚pracowaÅ‚y z botem do bumpowania. MoÅ¼liwie najwyÅ¼szy poziom automatyzacji â€“ tak, aby caÅ‚y proces dziaÅ‚aÅ‚ samodzielnie bez ingerencji czÅ‚owieka.",
Szramka Magdalena,Pozyskanie leadÃ³w z branÅ¼y OZE,"ZlecÄ™ pozyskanie leadÃ³w w woj. Wielkopolskim na produkty: fotowoltaika, magazyn energii, pompa ciepÅ‚a, kotÅ‚y. Szukam sprawdzonych leadÃ³w. Nie interesujÄ… mnie prefinansowania",Do negocjacji,Kampanie reklamowe,1,Znika za 30 dni,"https://useme.com/pl/jobs/pozyskanie-leadow-z-branzy-oze,115636/",https://cdn.useme.com/1.20.6/images/avatar/empty-neutral.svg?v=1.20.6,,"ZlecÄ™ pozyskanie leadÃ³w w woj. Wielkopolskim na produkty: fotowoltaika, magazyn energii, pompa ciepÅ‚a, kotÅ‚y. Szukam sprawdzonych leadÃ³w. Nie interesujÄ… mnie prefinansowania
ZlecÄ™ pozyskanie leadÃ³w w woj. Wielkopolskim na produkty: fotowoltaika, magazyn energii, pompa ciepÅ‚a, kotÅ‚y. Szukam sprawdzonych leadÃ³w. Nie interesujÄ… mnie prefinansowania",
Max,Zestaw do rzucenia palenia,"Szukam kreatorki/kreatora, ktÃ³ra\y nagra videorecenzje zestawu do rzucenia palenia, ktÃ³ry nie zawiera chemikaliÃ³w oraz nikotyny. Produkt bazuje na odruchu palenia oraz nawyku rÄ™ka- usta. InteresujÄ… mnie 3 videorecenzje, waÅ¼ne aby byÅ‚y naturalne,...",Do negocjacji,Video,0,Znika za 30 dni,"https://useme.com/pl/jobs/zestaw-do-rzucenia-palenia,115635/",https://cdn.useme.com/1.20.6/images/avatar/empty-neutral.svg?v=1.20.6,,"Szukam kreatorki/kreatora, ktÃ³ra\y nagra videorecenzje zestawu do rzucenia palenia, ktÃ³ry nie zawiera chemikaliÃ³w oraz nikotyny. Produkt bazuje na odruchu palenia oraz nawyku rÄ™ka- usta. InteresujÄ… mnie 3 videorecenzje, waÅ¼ne aby byÅ‚y naturalne, tak aby odbiorcy nie odczuwali, Å¼e jest to reklama.
Szukam kreatorki/kreatora, ktÃ³ra\y nagra videorecenzje zestawu do rzucenia palenia, ktÃ³ry nie zawiera chemikaliÃ³w oraz nikotyny. Produkt bazuje na odruchu palenia oraz nawyku rÄ™ka- usta. InteresujÄ… mnie 3 videorecenzje, waÅ¼ne aby byÅ‚y naturalne, tak aby odbiorcy nie odczuwali, Å¼e jest to reklama.",
fabryka_naukowcow,Social Media Manager,"Szukamy doÅ›wiadczonej i samodzielnej osoby do kompleksowego prowadzenia naszych mediÃ³w spoÅ‚ecznoÅ›ciowych. Prowadzimy dynamiczne projekty edukacyjne i wakacyjne dla dzieci i mÅ‚odzieÅ¼y (m.in. programowanie, kolonie, obozy, rejsy Å¼eglarskie)....",Do negocjacji,Social media,4,Znika za 30 dni,"https://useme.com/pl/jobs/social-media-manager,115634/",https://useme-prod-public.s3.amazonaws.com/avatars/088/238088.png,fabryka_naukowcow_64807363a75caa791b5afe8da52bafab.png,"Szukamy doÅ›wiadczonej i samodzielnej osoby do kompleksowego prowadzenia naszych mediÃ³w spoÅ‚ecznoÅ›ciowych. Prowadzimy dynamiczne projekty edukacyjne i wakacyjne dla dzieci i mÅ‚odzieÅ¼y (m.in. programowanie, kolonie, obozy, rejsy Å¼eglarskie). Potrzebujemy kogoÅ›, kto zadba o spÃ³jny wizerunek naszej marki w social mediach, stworzy angaÅ¼ujÄ…ce treÅ›ci i bÄ™dzie regularnie publikowaÅ‚ zaplanowany content. 
- Prowadzenie kont na Facebooku i Instagramie (docelowo takÅ¼e TikTok, YouTube Shorts)
- Tworzenie grafik, rolek, postÃ³w i relacji (stories) zgodnych z harmonogramem i celami kampanii 
- Publikowanie treÅ›ci zgodnie z ustalonym planem tygodniowym
- Proponowanie nowych pomysÅ‚Ã³w na content â€“ kreatywnoÅ›Ä‡ mile widziana!
- Monitorowanie zaangaÅ¼owania i reagowanie na komentarze / wiadomoÅ›ci
- WspÃ³Å‚praca z osobÄ… prowadzÄ…cÄ… konta reklamowe 
- Tworzenie spÃ³jnej i atrakcyjnej komunikacji wizualnej i tekstowej
Szukamy osoby:
- z doÅ›wiadczeniem w prowadzeniu profili firm/organizacji w social mediach (portfolio wymagane)
- Samodzielnej i dobrze zorganizowanej â€“ oczekujemy regularnej publikacji i proaktywnego dziaÅ‚ania
- Z umiejÄ™tnoÅ›ciÄ… tworzenia estetycznych grafik i montaÅ¼u krÃ³tkich wideo (np. Canva, CapCut)
-  Z â€lekkim piÃ³remâ€ â€“ potrafisz pisaÄ‡ jÄ™zykiem dopasowanym do rodzicÃ³w i mÅ‚odzieÅ¼y
-  Kreatywnej i na bieÅ¼Ä…co z trendami w social media
-  Mile widziane doÅ›wiadczenie w branÅ¼y edukacyjnej, turystycznej lub informatycznej (kursy programowania) 
Osoby zainteresowane prosimy o przesÅ‚anie:
-  kilka przykÅ‚adÃ³w prowadzonych profili / postÃ³w / rolek (lub link do portfolio),
-  krÃ³tki opis swojego doÅ›wiadczenia i dostÄ™pnoÅ›ci czasowej,
-  informacjÄ™ o preferowanej formie wspÃ³Å‚pracy i oczekiwaniach finansowych
Szukamy doÅ›wiadczonej i samodzielnej osoby do kompleksowego prowadzenia naszych mediÃ³w spoÅ‚ecznoÅ›ciowych. Prowadzimy dynamiczne projekty edukacyjne i wakacyjne dla dzieci i mÅ‚odzieÅ¼y (m.in. programowanie, kolonie, obozy, rejsy Å¼eglarskie). Potrzebujemy kogoÅ›, kto zadba o spÃ³jny wizerunek naszej marki w social mediach, stworzy angaÅ¼ujÄ…ce treÅ›ci i bÄ™dzie regularnie publikowaÅ‚ zaplanowany content.
- Prowadzenie kont na Facebooku i Instagramie (docelowo takÅ¼e TikTok, YouTube Shorts)
- Tworzenie grafik, rolek, postÃ³w i relacji (stories) zgodnych z harmonogramem i celami kampanii
- Publikowanie treÅ›ci zgodnie z ustalonym planem tygodniowym
- Proponowanie nowych pomysÅ‚Ã³w na content â€“ kreatywnoÅ›Ä‡ mile widziana!
- Monitorowanie zaangaÅ¼owania i reagowanie na komentarze / wiadomoÅ›ci
- WspÃ³Å‚praca z osobÄ… prowadzÄ…cÄ… konta reklamowe
- Tworzenie spÃ³jnej i atrakcyjnej komunikacji wizualnej i tekstowej
Szukamy osoby:
- z doÅ›wiadczeniem w prowadzeniu profili firm/organizacji w social mediach (portfolio wymagane)
- Samodzielnej i dobrze zorganizowanej â€“ oczekujemy regularnej publikacji i proaktywnego dziaÅ‚ania
- Z umiejÄ™tnoÅ›ciÄ… tworzenia estetycznych grafik i montaÅ¼u krÃ³tkich wideo (np. Canva, CapCut)
-  Z â€lekkim piÃ³remâ€ â€“ potrafisz pisaÄ‡ jÄ™zykiem dopasowanym do rodzicÃ³w i mÅ‚odzieÅ¼y
-  Kreatywnej i na bieÅ¼Ä…co z trendami w social media
-  Mile widziane doÅ›wiadczenie w branÅ¼y edukacyjnej, turystycznej lub informatycznej (kursy programowania)
Osoby zainteresowane prosimy o przesÅ‚anie:
-  kilka przykÅ‚adÃ³w prowadzonych profili / postÃ³w / rolek (lub link do portfolio),
-  krÃ³tki opis swojego doÅ›wiadczenia i dostÄ™pnoÅ›ci czasowej,
-  informacjÄ™ o preferowanej formie wspÃ³Å‚pracy i oczekiwaniach finansowych",
SACADA,Rekrutacja respondentÃ³w do wywiadÃ³w pogÅ‚Ä™bionych,"Poszukujemy rekruterÃ³w do umawiania wywiadÃ³w indywidualnych w badaniach spoÅ‚ecznych. Badani to rÃ³Å¼ni specjaliÅ›ci, naukowcy, przedsiÄ™biorcy oraz osoby prywatne.",Do negocjacji,Badanie rynku,1,Znika za 30 dni,"https://useme.com/pl/jobs/rekrutacja-respondentow-do-wywiadow-pogebionych,115633/",https://cdn.useme.com/1.20.6/images/avatar/empty-neutral.svg?v=1.20.6,,"Poszukujemy rekruterÃ³w do umawiania wywiadÃ³w indywidualnych w badaniach spoÅ‚ecznych. Badani to rÃ³Å¼ni specjaliÅ›ci, naukowcy, przedsiÄ™biorcy oraz osoby prywatne.
Poszukujemy rekruterÃ³w do umawiania wywiadÃ³w indywidualnych w badaniach spoÅ‚ecznych. Badani to rÃ³Å¼ni specjaliÅ›ci, naukowcy, przedsiÄ™biorcy oraz osoby prywatne.",
pudi,Integracja plikÃ³w produktowych na platormie ideosell,"ProwadzÄ™ sklepem internetowym z oÅ›wietleniem na platformie idosell
ZlecÄ™ integracjÄ™ plikÃ³w produktowych na platformie ideosell przez 
IdoSell Downloader - automatyczny import, aktualizacja oferty i integracja z dostawcami 
Wymagane  doÅ›wiadczenie...",Do negocjacji,Oprogramowanie,2,Znika za 30 dni,"https://useme.com/pl/jobs/integracja-plikow-produktowych-na-platormie-ideosell,115632/",https://cdn.useme.com/1.20.6/images/avatar/empty-neutral.svg?v=1.20.6,,"ProwadzÄ™ sklepem internetowym z oÅ›wietleniem na platformie idosell
ZlecÄ™ integracjÄ™ plikÃ³w produktowych na platformie ideosell przez 
IdoSell Downloader - automatyczny import, aktualizacja oferty i integracja z dostawcami 
Wymagane  doÅ›wiadczenie z platformÄ… idosell
Prosze o podanie stawki godzinowej
ProwadzÄ™ sklepem internetowym z oÅ›wietleniem na platformie idosell
ZlecÄ™ integracjÄ™ plikÃ³w produktowych na platformie ideosell przez
IdoSell Downloader - automatyczny import, aktualizacja oferty i integracja z dostawcami
Wymagane  doÅ›wiadczenie z platformÄ… idosell
Prosze o podanie stawki godzinowej",
Aleksandra,Social Media Manager - rozwÃ³j profilu marki graficznej,"CzeÅ›Ä‡!

PlanujÄ™ otworzyÄ‡ dziaÅ‚anoÅ›Ä‡ zwiÄ…zanÄ… z projektowaniem i sprzedaÅ¼Ä… etykiet, banerÃ³w, wizytÃ³wek itp. 
Szukam osoby, ktÃ³ra pomoÅ¼e mi rozwinÄ…Ä‡ profil firmowy w mediach ( Instagram, Tiktok - opcjonalnie)
ZaleÅ¼y mi na dotarciu do realnych,...",Do negocjacji,Social media,1,Znika za 30 dni,"https://useme.com/pl/jobs/social-media-manager-rozwoj-profilu-marki-graficznej,115631/",https://cdn.useme.com/1.20.6/images/avatar/empty-neutral.svg?v=1.20.6,,"CzeÅ›Ä‡!
PlanujÄ™ otworzyÄ‡ dziaÅ‚anoÅ›Ä‡ zwiÄ…zanÄ… z projektowaniem i sprzedaÅ¼Ä… etykiet, banerÃ³w, wizytÃ³wek itp. 
Szukam osoby, ktÃ³ra pomoÅ¼e mi rozwinÄ…Ä‡ profil firmowy w mediach ( Instagram, Tiktok - opcjonalnie)
ZaleÅ¼y mi na dotarciu do realnych, aktywnych odbiorcÃ³w i potencjalnych klientÃ³w. 
Nie interesujÄ… mnie szcztuczne metody zdobywania obserwatorÃ³w czy innego zaangaÅ¼owania na profilu - chcÄ™ zbudowaÄ‡ spoÅ‚ecznoÅ›c opartÄ… na wartoÅ›ciowych treÅ›ciach. 
Wymagania:
Poczucie estetyki
Minimalistyczny styl
Charyzma i kreatywnoÅ›Ä‡
TerminowoÅ›Ä‡
ZaangaÅ¼owanie
ProszÄ™ o klika sÅ‚Ã³w o sobie, najlepiej z przykÅ‚adami wczeÅ›niejszych projektÃ³w i informacjÄ… o proponowanej stawce i terminie wykonania zlecenia. 
ZaleÅ¼y mi na osobie, ktora zna siÄ™ na strategii contentowej, estetyce profilu i portafi przyciÄ…gnÄ…c uwagÄ™ odpowiedniej grupy odbiorcÃ³w. 
DziÄ™ki!
CzeÅ›Ä‡!
PlanujÄ™ otworzyÄ‡ dziaÅ‚anoÅ›Ä‡ zwiÄ…zanÄ… z projektowaniem i sprzedaÅ¼Ä… etykiet, banerÃ³w, wizytÃ³wek itp.
Szukam osoby, ktÃ³ra pomoÅ¼e mi rozwinÄ…Ä‡ profil firmowy w mediach ( Instagram, Tiktok - opcjonalnie)
ZaleÅ¼y mi na dotarciu do realnych, aktywnych odbiorcÃ³w i potencjalnych klientÃ³w.
Nie interesujÄ… mnie szcztuczne metody zdobywania obserwatorÃ³w czy innego zaangaÅ¼owania na profilu - chcÄ™ zbudowaÄ‡ spoÅ‚ecznoÅ›c opartÄ… na wartoÅ›ciowych treÅ›ciach.
Wymagania:
Poczucie estetyki
Minimalistyczny styl
Charyzma i kreatywnoÅ›Ä‡
TerminowoÅ›Ä‡
ZaangaÅ¼owanie
ProszÄ™ o klika sÅ‚Ã³w o sobie, najlepiej z przykÅ‚adami wczeÅ›niejszych projektÃ³w i informacjÄ… o proponowanej stawce i terminie wykonania zlecenia.
ZaleÅ¼y mi na osobie, ktora zna siÄ™ na strategii contentowej, estetyce profilu i portafi przyciÄ…gnÄ…c uwagÄ™ odpowiedniej grupy odbiorcÃ³w.
DziÄ™ki!",
Mika,MateriaÅ‚y video nieruchomoÅ›ci,"CzeÅ›Ä‡, jestem agentkÄ… nieruchomoÅ›ci, szukam osÃ³b do wspÃ³Å‚pracy przy tworzeniu ofert nieruchomoÅ›ci. MateriaÅ‚y video na social media, video z drona jeÅ›li dodatkowo zajmujesz siÄ™ zdjÄ™ciami nieruchomoÅ›ci, super. JeÅ¼eli interesuje CiÄ™ taka wspÃ³Å‚praca,...",Do negocjacji,Video,2,Znika za 30 dni,"https://useme.com/pl/jobs/materiay-video-nieruchomosci,115630/",https://cdn.useme.com/1.20.6/images/avatar/empty-neutral.svg?v=1.20.6,,"CzeÅ›Ä‡, jestem agentkÄ… nieruchomoÅ›ci, szukam osÃ³b do wspÃ³Å‚pracy przy tworzeniu ofert nieruchomoÅ›ci. MateriaÅ‚y video na social media, video z drona jeÅ›li dodatkowo zajmujesz siÄ™ zdjÄ™ciami nieruchomoÅ›ci, super. JeÅ¼eli interesuje CiÄ™ taka wspÃ³Å‚praca, przeÅ›lij mi proszÄ™ swoje portfolio oraz cennik. PoproszÄ™ teÅ¼ o informacjÄ™ ile zazwyczaj trwa sesja oraz ile potrzebujesz czasu na obrÃ³bkÄ™ materiaÅ‚Ã³w. Dominika
CzeÅ›Ä‡, jestem agentkÄ… nieruchomoÅ›ci, szukam osÃ³b do wspÃ³Å‚pracy przy tworzeniu ofert nieruchomoÅ›ci. MateriaÅ‚y video na social media, video z drona jeÅ›li dodatkowo zajmujesz siÄ™ zdjÄ™ciami nieruchomoÅ›ci, super. JeÅ¼eli interesuje CiÄ™ taka wspÃ³Å‚praca, przeÅ›lij mi proszÄ™ swoje portfolio oraz cennik. PoproszÄ™ teÅ¼ o informacjÄ™ ile zazwyczaj trwa sesja oraz ile potrzebujesz czasu na obrÃ³bkÄ™ materiaÅ‚Ã³w. Dominika",
Digital,Grafik - wsparcie dziaÅ‚u marketingu,"Bardzo proszÄ™ o doÅ‚Ä…czenie linku do swojego portfolio oraz wycenÄ™ poniÅ¼szych dziaÅ‚aÅ„: 
Newsletter
Grafika do newslettera (wymiar: 640x280px)
Grafika do newslettera (wymiar: 440x440px) 
Grafika do newslettera (wymiar: 350x350px)
Posty na social...",Do negocjacji,Grafika 2D,3,Znika za 30 dni,"https://useme.com/pl/jobs/grafik-wsparcie-dziau-marketingu,115629/",https://useme-prod-public.s3.amazonaws.com/avatars/042/449342.png,Digital_41cc11f7c66637ba6d8fe77741ec23d2.png,"Bardzo proszÄ™ o doÅ‚Ä…czenie linku do swojego portfolio oraz wycenÄ™ poniÅ¼szych dziaÅ‚aÅ„: 
Newsletter
Grafika do newslettera (wymiar: 640x280px)
Grafika do newslettera (wymiar: 440x440px) 
Grafika do newslettera (wymiar: 350x350px)
Posty na social media (Facebook, Instagram, LinkedIn oraz inne)
Stopka mailingowa
Baner
Wersja jÄ™zykowa : angielska/niemiecka/polska danego materiaÅ‚u (materiaÅ‚y bazowe gÅ‚Ã³wnie w jÄ™zyku ang)
Ulotka A4 dwustronna 
Ulotka A5 dwustronna
Ulotka DL
Prezentacja (25 slajdÃ³w)
GIFy
Wideo 1 minuta oraz 30 sekund
Poszukiwany grafik do zleceÅ„ odnawialnych:
Projektowanie BanerÃ³w: Tworzenie atrakcyjnych i skutecznych grafik banerowych do uÅ¼ywania na stronach internetowych.
Projektowanie Stopek Mailingowych: Opracowywanie kreatywnych i spÃ³jnych stopek mailowych, ktÃ³re wzmacniajÄ… identyfikacjÄ™ wizualnÄ… naszej firmy.
Tworzenie MilingÃ³w we Mailer Lite: Projektowanie angaÅ¼ujÄ…cych mailingÃ³w do klientÃ³w, majÄ…cych na celu informowanie o nowoÅ›ciach i promocjach.
Projektowanie PostÃ³w na Media SpoÅ‚ecznoÅ›ciowe (SM): Kreowanie grafik do postÃ³w na rÃ³Å¼nych platformach spoÅ‚ecznoÅ›ciowych, wspierajÄ…cych interakcje z uÅ¼ytkownikami i promocjÄ™ marki.
Projektowanie Broszur i Ulotek: Opracowywanie materiaÅ‚Ã³w informacyjnych i promocyjnych, ktÃ³re efektywnie przekazujÄ… kluczowe informacje o naszych produktach i usÅ‚ugach.
Tworzenie Kartek OkolicznoÅ›ciowych: ktÃ³re wzmacniajÄ… relacje z klientami i partnerami biznesowymi.
Opracowywanie Prezentacji Firmowych: Tworzenie prezentacji, ktÃ³re efektywnie komunikujÄ… cele i osiÄ…gniÄ™cia firmy wewnÄ™trznie oraz na zewnÄ…trz organizacji.
Projektowanie Infografik: Opracowywanie przyciÄ…gajÄ…cych wzrok infografik, ktÃ³re skutecznie przedstawiajÄ… dane i statystyki w atrakcyjnej wizualnie formie.
Projektowanie PlakatÃ³w: Tworzenie plakatÃ³w na rÃ³Å¼norodne wydarzenia i kampanie promocyjne.
Projektowanie Promocji Cenowych A4: Kreowanie grafik promocyjnych formatu A4, ktÃ³re skutecznie przyciÄ…gajÄ… uwagÄ™ i informujÄ… o aktualnych ofertach cenowych.
Edycja ZdjÄ™Ä‡
MontaÅ¼e reel
Bardzo proszÄ™ o doÅ‚Ä…czenie linku do swojego portfolio oraz wycenÄ™ poniÅ¼szych dziaÅ‚aÅ„:
Newsletter
Grafika do newslettera (wymiar: 640x280px)
Grafika do newslettera (wymiar: 440x440px)
Grafika do newslettera (wymiar: 350x350px)
Posty na social media (Facebook, Instagram, LinkedIn oraz inne)
Stopka mailingowa
Baner
Wersja jÄ™zykowa : angielska/niemiecka/polska danego materiaÅ‚u (materiaÅ‚y bazowe gÅ‚Ã³wnie w jÄ™zyku ang)
Ulotka A4 dwustronna
Ulotka A5 dwustronna
Ulotka DL
Prezentacja (25 slajdÃ³w)
GIFy
Wideo 1 minuta oraz 30 sekund
Poszukiwany grafik do zleceÅ„ odnawialnych:
Projektowanie BanerÃ³w: Tworzenie atrakcyjnych i skutecznych grafik banerowych do uÅ¼ywania na stronach internetowych.
Projektowanie Stopek Mailingowych: Opracowywanie kreatywnych i spÃ³jnych stopek mailowych, ktÃ³re wzmacniajÄ… identyfikacjÄ™ wizualnÄ… naszej firmy.
Tworzenie MilingÃ³w we Mailer Lite: Projektowanie angaÅ¼ujÄ…cych mailingÃ³w do klientÃ³w, majÄ…cych na celu informowanie o nowoÅ›ciach i promocjach.
Projektowanie PostÃ³w na Media SpoÅ‚ecznoÅ›ciowe (SM): Kreowanie grafik do postÃ³w na rÃ³Å¼nych platformach spoÅ‚ecznoÅ›ciowych, wspierajÄ…cych interakcje z uÅ¼ytkownikami i promocjÄ™ marki.
Projektowanie Broszur i Ulotek: Opracowywanie materiaÅ‚Ã³w informacyjnych i promocyjnych, ktÃ³re efektywnie przekazujÄ… kluczowe informacje o naszych produktach i usÅ‚ugach.
Tworzenie Kartek OkolicznoÅ›ciowych: ktÃ³re wzmacniajÄ… relacje z klientami i partnerami biznesowymi.
Opracowywanie Prezentacji Firmowych: Tworzenie prezentacji, ktÃ³re efektywnie komunikujÄ… cele i osiÄ…gniÄ™cia firmy wewnÄ™trznie oraz na zewnÄ…trz organizacji.
Projektowanie Infografik: Opracowywanie przyciÄ…gajÄ…cych wzrok infografik, ktÃ³re skutecznie przedstawiajÄ… dane i statystyki w atrakcyjnej wizualnie formie.
Projektowanie PlakatÃ³w: Tworzenie plakatÃ³w na rÃ³Å¼norodne wydarzenia i kampanie promocyjne.
Projektowanie Promocji Cenowych A4: Kreowanie grafik promocyjnych formatu A4, ktÃ³re skutecznie przyciÄ…gajÄ… uwagÄ™ i informujÄ… o aktualnych ofertach cenowych.
Edycja ZdjÄ™Ä‡
MontaÅ¼e reel",
Mika,Fotografia WnÄ™trz,"CzeÅ›Ä‡, szukam do staÅ‚ej wspÃ³Å‚pracy fotografki lub fotografa wnÄ™trz. Jestem agentkÄ… nieruchomoÅ›ci, potrzebujÄ™ zdjÄ™Ä‡ do ofert. Zawsze przygotowujÄ™ HS, nieruchomoÅ›ci sÄ… rÃ³Å¼ne od pÃ³Å‚ki premium po kawalerki w ramie h. Fajnie jeÅ›li robisz teÅ¼ materiaÅ‚y...",Do negocjacji,Fotografia,0,Znika za 30 dni,"https://useme.com/pl/jobs/fotografia-wnetrz,115628/",https://cdn.useme.com/1.20.6/images/avatar/empty-neutral.svg?v=1.20.6,,"CzeÅ›Ä‡, szukam do staÅ‚ej wspÃ³Å‚pracy fotografki lub fotografa wnÄ™trz. Jestem agentkÄ… nieruchomoÅ›ci, potrzebujÄ™ zdjÄ™Ä‡ do ofert. Zawsze przygotowujÄ™ HS, nieruchomoÅ›ci sÄ… rÃ³Å¼ne od pÃ³Å‚ki premium po kawalerki w ramie h. Fajnie jeÅ›li robisz teÅ¼ materiaÅ‚y video - rolki do social mediÃ³w bÄ™dÄ… mile widziane. JeÅ›li interesuje CiÄ™ taka wspÃ³Å‚praca przeÅ›lij mi proszÄ™ swoje portfolio, cennik oraz informacjÄ™ ile zazwyczaj trwa u Ciebie sesja zdjÄ™ciowa oraz ile czasu potrzebujesz na obrÃ³bkÄ™ zdjÄ™Ä‡. Dominika
CzeÅ›Ä‡, szukam do staÅ‚ej wspÃ³Å‚pracy fotografki lub fotografa wnÄ™trz. Jestem agentkÄ… nieruchomoÅ›ci, potrzebujÄ™ zdjÄ™Ä‡ do ofert. Zawsze przygotowujÄ™ HS, nieruchomoÅ›ci sÄ… rÃ³Å¼ne od pÃ³Å‚ki premium po kawalerki w ramie h. Fajnie jeÅ›li robisz teÅ¼ materiaÅ‚y video - rolki do social mediÃ³w bÄ™dÄ… mile widziane. JeÅ›li interesuje CiÄ™ taka wspÃ³Å‚praca przeÅ›lij mi proszÄ™ swoje portfolio, cennik oraz informacjÄ™ ile zazwyczaj trwa u Ciebie sesja zdjÄ™ciowa oraz ile czasu potrzebujesz na obrÃ³bkÄ™ zdjÄ™Ä‡. Dominika",
JacekM,PoszukujÄ™ grafika do stworzenia profesjonalnych szablonÃ³w doc i ppt,"Szukam doÅ›wiadczonego grafika/freelancera, ktÃ³ry przygotuje spÃ³jne i estetyczne szablony w programach:
â€¢	Microsoft Word (oferty handlowe, podrÄ™cznik uÅ¼ytkownika, materiaÅ‚y szkoleniowe),
â€¢	Microsoft PowerPoint (prezentacja szkoleniowa).
Dodatkowe...",Do negocjacji,Grafika 2D,0,Znika za 30 dni,"https://useme.com/pl/jobs/poszukuje-grafika-do-stworzenia-profesjonalnych-szablonow-doc-i-ppt,115626/",https://cdn.useme.com/1.20.6/images/avatar/empty-neutral.svg?v=1.20.6,,"Szukam doÅ›wiadczonego grafika/freelancera, ktÃ³ry przygotuje spÃ³jne i estetyczne szablony w programach:
â€¢	Microsoft Word (oferty handlowe, podrÄ™cznik uÅ¼ytkownika, materiaÅ‚y szkoleniowe),
â€¢	Microsoft PowerPoint (prezentacja szkoleniowa).
Dodatkowe zadanie: przeniesienie do nowych szablonÃ³w aktualnych materiaÅ‚Ã³w (3 ofert, podrÄ™cznika uÅ¼ytkownika i prezentacji szkoleniowych).
Wymagania:
â€¢	BranÅ¼a: Wellbeing
â€¢	Styl: minimalistyczny, nowoczesny, z zachowaniem Å‚atwej edycji,
â€¢	Identyfikacja wizualna: SpÃ³jna kolorystyka, fonty, elementy graficzne i ikony,
Mile widziane:
â€¢	DoÅ›wiadczenie w projektowaniu materiaÅ‚Ã³w dla branÅ¼y wellbeing/HR/IT,
â€¢	Portfolio (najlepiej z podobnymi projektami),
â€¢	WycenÄ™ i szacunkowy czas realizacji,
â€¢	InformacjÄ™ o dostÄ™pnoÅ›ci.
MoÅ¼liwoÅ›Ä‡ dalszej wspÃ³Å‚pracy przy kampaniach Meta.
Szukam doÅ›wiadczonego grafika/freelancera, ktÃ³ry przygotuje spÃ³jne i estetyczne szablony w programach:
â€¢	Microsoft Word (oferty handlowe, podrÄ™cznik uÅ¼ytkownika, materiaÅ‚y szkoleniowe),
â€¢	Microsoft PowerPoint (prezentacja szkoleniowa).
Dodatkowe zadanie: przeniesienie do nowych szablonÃ³w aktualnych materiaÅ‚Ã³w (3 ofert, podrÄ™cznika uÅ¼ytkownika i prezentacji szkoleniowych).
Wymagania:
â€¢	BranÅ¼a: Wellbeing
â€¢	Styl: minimalistyczny, nowoczesny, z zachowaniem Å‚atwej edycji,
â€¢	Identyfikacja wizualna: SpÃ³jna kolorystyka, fonty, elementy graficzne i ikony,
Mile widziane:
â€¢	DoÅ›wiadczenie w projektowaniu materiaÅ‚Ã³w dla branÅ¼y wellbeing/HR/IT,
â€¢	Portfolio (najlepiej z podobnymi projektami),
â€¢	WycenÄ™ i szacunkowy czas realizacji,
â€¢	InformacjÄ™ o dostÄ™pnoÅ›ci.
MoÅ¼liwoÅ›Ä‡ dalszej wspÃ³Å‚pracy przy kampaniach Meta.",
JacekM,Poszukujemy programisty C#,"Poszukujemy freelancera programisty C#, ktÃ³ry przejmie i bÄ™dzie rozwijaÄ‡ aplikacjÄ™ desktopowÄ… napisanej w technologii C# / .NET
Mile widziane doÅ›wiadczenie w wizualizowaniu danych.
GotowoÅ›Ä‡ do zaprojektowania oraz implementacji od nowa webowych...",Do negocjacji,Oprogramowanie,4,Znika za 30 dni,"https://useme.com/pl/jobs/poszukujemy-programisty-c,115624/",https://cdn.useme.com/1.20.6/images/avatar/empty-neutral.svg?v=1.20.6,,"Poszukujemy freelancera programisty C#, ktÃ³ry przejmie i bÄ™dzie rozwijaÄ‡ aplikacjÄ™ desktopowÄ… napisanej w technologii C# / .NET
Mile widziane doÅ›wiadczenie w wizualizowaniu danych.
GotowoÅ›Ä‡ do zaprojektowania oraz implementacji od nowa webowych moduÅ‚Ã³w systemu. 
Oczekiwane zaangaÅ¼owanie minimum 30-40 godz. miesiÄ™cznie.
Poszukujemy freelancera programisty C#, ktÃ³ry przejmie i bÄ™dzie rozwijaÄ‡ aplikacjÄ™ desktopowÄ… napisanej w technologii C# / .NET
Mile widziane doÅ›wiadczenie w wizualizowaniu danych.
GotowoÅ›Ä‡ do zaprojektowania oraz implementacji od nowa webowych moduÅ‚Ã³w systemu.
Oczekiwane zaangaÅ¼owanie minimum 30-40 godz. miesiÄ™cznie.",
